{"cameraMode":{"drawMode":0,"name":"Shaded","section":"Shading Mode"},"sceneLighting":true,"audioPlay":false,"sceneViewState":{"m_AlwaysRefresh":false,"showFog":true,"showSkybox":true,"showFlares":true,"showImageEffects":true,"showParticleSystems":true,"showVisualEffectGraphs":true,"m_FxEnabled":true},"in2DMode":false,"pivot":{"x":2.127593994140625,"y":2.2233786582946779,"z":1.1978812217712403},"rotation":{"x":-0.32415375113487246,"y":-0.032063182443380359,"z":0.010995794087648392,"w":-0.9454125761985779},"size":10.872775077819825,"orthographic":false}