{"cameraMode":{"drawMode":0,"name":"Shaded","section":"Shading Mode"},"sceneLighting":true,"audioPlay":false,"sceneViewState":{"m_AlwaysRefresh":false,"showFog":true,"showSkybox":true,"showFlares":true,"showImageEffects":true,"showParticleSystems":true,"showVisualEffectGraphs":true,"m_FxEnabled":true},"in2DMode":false,"pivot":{"x":12.407633781433106,"y":1.370840072631836,"z":2.1614112854003908},"rotation":{"x":-0.32415375113487246,"y":-0.032063182443380359,"z":0.010995794087648392,"w":-0.9454125761985779},"size":7.716912746429443,"orthographic":false}